Workbook

Sheet Given
A1: Item Number | B1: Item Name | C1: UoM | D1: Sales ($) | E1: Hits
A2: 1090 | B2: Ipad | C2: EA | D2: =VLOOKUP(A2,[1]Sheet7!$F$4:$I$209,4,FALSE) -> 9328940 | E2: =VLOOKUP(A2,[1]Hits!A$1:D$206,4,0) -> 1780
A3: 1180 | B3: Speaker-Bose | C3: EA | D3: =VLOOKUP(A3,[1]Sheet7!$F$4:$I$209,4,FALSE) -> 7202900 | E3: =VLOOKUP(A3,[1]Hits!A$1:D$206,4,0) -> 75
A4: 1055 | B4: Dell Studio 17 | C4: EA | D4: =VLOOKUP(A4,[1]Sheet7!$F$4:$I$209,4,FALSE) -> 7055100 | E4: =VLOOKUP(A4,[1]Hits!A$1:D$206,4,0) -> 83
A5: 1054 | B5: Dell Studio 15 | C5: EA | D5: =VLOOKUP(A5,[1]Sheet7!$F$4:$I$209,4,FALSE) -> 5761300 | E5: =VLOOKUP(A5,[1]Hits!A$1:D$206,4,0) -> 71
A6: 1092 | B6: Iphone4 | C6: EA | D6: =VLOOKUP(A6,[1]Sheet7!$F$4:$I$209,4,FALSE) -> 4084200 | E6: =VLOOKUP(A6,[1]Hits!A$1:D$206,4,0) -> 2064
A7: 1043 | B7: Channel Home Theatre System | C7: EA | D7: =VLOOKUP(A7,[1]Sheet7!$F$4:$I$209,4,FALSE) -> 3572000 | E7: =VLOOKUP(A7,[1]Hits!A$1:D$206,4,0) -> 468
A8: 1035 | B8: Camera- Canon 7D | C8: EA | D8: =VLOOKUP(A8,[1]Sheet7!$F$4:$I$209,4,FALSE) -> 2284800 | E8: =VLOOKUP(A8,[1]Hits!A$1:D$206,4,0) -> 75
A9: 1155 | B9: Profile LP USB Turntable | C9: EA | D9: =VLOOKUP(A9,[1]Sheet7!$F$4:$I$209,4,FALSE) -> 1938300 | E9: =VLOOKUP(A9,[1]Hits!A$1:D$206,4,0) -> 94
A10: 1198 | B10: UPS | C10: EA | D10: =VLOOKUP(A10,[1]Sheet7!$F$4:$I$209,4,FALSE) -> 1804600 | E10: =VLOOKUP(A10,[1]Hits!A$1:D$206,4,0) -> 537
A11: 1178 | B11: SOG Outdoor Gear | C11: EA | D11: =VLOOKUP(A11,[1]Sheet7!$F$4:$I$209,4,FALSE) -> 1716660 | E11: =VLOOKUP(A11,[1]Hits!A$1:D$206,4,0) -> 661
A12: 1193 | B12: Toothbrush Sanitizer | C12: EA | D12: =VLOOKUP(A12,[1]Sheet7!$F$4:$I$209,4,FALSE) -> 1707200 | E12: =VLOOKUP(A12,[1]Hits!A$1:D$206,4,0) -> 95
A13: 1170 | B13: Silver Edition Buckyballs | C13: EA | D13: =VLOOKUP(A13,[1]Sheet7!$F$4:$I$209,4,FALSE) -> 1489744 | E13: =VLOOKUP(A13,[1]Hits!A$1:D$206,4,0) -> 764
... A206: 1015 | B206: 12-in-1 Knife by SOG | C206: EA | D206: =VLOOKUP(A206,[1]Sheet7!$F$4:$I$209,4,FALSE) -> 675 | E206: =VLOOKUP(A206,[1]Hits!A$1:D$206,4,0) -> 9

Sheet Sales
A1: Item Number | B1: Sales ($) | C1: Cumulative Sales | D1: % of Sales | E1: Rank | H1: Rank | I1: Level Range | J1: Level
A2: 1090 | B2: =VLOOKUP(A2,[1]Sheet7!$F$4:$I$209,4,FALSE) -> 9328940 | C2: =B2 -> 9328940 | D2: =C2/$C$206*100 -> 11.370357 | E2: =IF(D2 <= 60, "A", IF(D2 <= 80, "B", IF(D2 <= 90, "C", "D"))) -> A | H2: A | I2: 0-60% | J2: 0.6
A3: 1180 | B3: =VLOOKUP(A3,[1]Sheet7!$F$4:$I$209,4,FALSE) -> 7202900 | C3: =B3+C2 -> 16531840 | D3: =C3/$C$206*100 -> 20.14944 | E3: =IF(D3 <= 60, "A", IF(D3 <= 80, "B", IF(D3 <= 90, "C", "D"))) -> A | H3: B | I3: 61-80% | J3: 0.8
A4: 1055 | B4: =VLOOKUP(A4,[1]Sheet7!$F$4:$I$209,4,FALSE) -> 7055100 | C4: =B4+C3 -> 23586940 | D4: =C4/$C$206*100 -> 28.748381 | E4: =IF(D4 <= 60, "A", IF(D4 <= 80, "B", IF(D4 <= 90, "C", "D"))) -> A | H4: C | I4: 81-90% | J4: 0.9
A5: 1054 | B5: =VLOOKUP(A5,[1]Sheet7!$F$4:$I$209,4,FALSE) -> 5761300 | C5: =B5+C4 -> 29348240 | D5: =C5/$C$206*100 -> 35.770405 | E5: =IF(D5 <= 60, "A", IF(D5 <= 80, "B", IF(D5 <= 90, "C", "D"))) -> A | H5: D | I5: 91-100% | J5: 1
A6: 1092 | B6: =VLOOKUP(A6,[1]Sheet7!$F$4:$I$209,4,FALSE) -> 4084200 | C6: =B6+C5 -> 33432440 | D6: =C6/$C$206*100 -> 40.748335 | E6: =IF(D6 <= 60, "A", IF(D6 <= 80, "B", IF(D6 <= 90, "C", "D"))) -> A
A7: 1043 | B7: =VLOOKUP(A7,[1]Sheet7!$F$4:$I$209,4,FALSE) -> 3572000 | C7: =B7+C6 -> 37004440 | D7: =C7/$C$206*100 -> 45.101982 | E7: =IF(D7 <= 60, "A", IF(D7 <= 80, "B", IF(D7 <= 90, "C", "D"))) -> A
A8: 1035 | B8: =VLOOKUP(A8,[1]Sheet7!$F$4:$I$209,4,FALSE) -> 2284800 | C8: =B8+C7 -> 39289240 | D8: =C8/$C$206*100 -> 47.886756 | E8: =IF(D8 <= 60, "A", IF(D8 <= 80, "B", IF(D8 <= 90, "C", "D"))) -> A
A9: 1155 | B9: =VLOOKUP(A9,[1]Sheet7!$F$4:$I$209,4,FALSE) -> 1938300 | C9: =B9+C8 -> 41227540 | D9: =C9/$C$206*100 -> 50.249207 | E9: =IF(D9 <= 60, "A", IF(D9 <= 80, "B", IF(D9 <= 90, "C", "D"))) -> A
A10: 1198 | B10: =VLOOKUP(A10,[1]Sheet7!$F$4:$I$209,4,FALSE) -> 1804600 | C10: =B10+C9 -> 43032140 | D10: =C10/$C$206*100 -> 52.448701 | E10: =IF(D10 <= 60, "A", IF(D10 <= 80, "B", IF(D10 <= 90, "C", "D"))) -> A
A11: 1178 | B11: =VLOOKUP(A11,[1]Sheet7!$F$4:$I$209,4,FALSE) -> 1716660 | C11: =B11+C10 -> 44748800 | D11: =C11/$C$206*100 -> 54.541011 | E11: =IF(D11 <= 60, "A", IF(D11 <= 80, "B", IF(D11 <= 90, "C", "D"))) -> A
A12: 1193 | B12: =VLOOKUP(A12,[1]Sheet7!$F$4:$I$209,4,FALSE) -> 1707200 | C12: =B12+C11 -> 46456000 | D12: =C12/$C$206*100 -> 56.621792 | E12: =IF(D12 <= 60, "A", IF(D12 <= 80, "B", IF(D12 <= 90, "C", "D"))) -> A
A13: 1170 | B13: =VLOOKUP(A13,[1]Sheet7!$F$4:$I$209,4,FALSE) -> 1489744 | C13: =B13+C12 -> 47945744 | D13: =C13/$C$206*100 -> 58.437531 | E13: =IF(D13 <= 60, "A", IF(D13 <= 80, "B", IF(D13 <= 90, "C", "D"))) -> A
A14: 1196 | B14: =VLOOKUP(A14,[1]Sheet7!$F$4:$I$209,4,FALSE) -> 1302104 | C14: =B14+C13 -> 49247848 | D14: =C14/$C$206*100 -> 60.024569 | E14: =IF(D14 <= 60, "A", IF(D14 <= 80, "B", IF(D14 <= 90, "C", "D"))) -> B
A15: 1205 | B15: =VLOOKUP(A15,[1]Sheet7!$F$4:$I$209,4,FALSE) -> 1161050 | C15: =B15+C14 -> 50408898 | D15: =C15/$C$206*100 -> 61.439687 | E15: =IF(D15 <= 60, "A", IF(D15 <= 80, "B", IF(D15 <= 90, "C", "D"))) -> B
A16: 1215 | B16: =VLOOKUP(A16,[1]Sheet7!$F$4:$I$209,4,FALSE) -> 1067200 | C16: =B16+C15 -> 51476098 | D16: =C16/$C$206*100 -> 62.740419 | E16: =IF(D16 <= 60, "A", IF(D16 <= 80, "B", IF(D16 <= 90, "C", "D"))) -> B
A17: 1214 | B17: =VLOOKUP(A17,[1]Sheet7!$F$4:$I$209,4,FALSE) -> 1057500 | C17: =B17+C16 -> 52533598 | D17: =C17/$C$206*100 -> 64.029327 | E17: =IF(D17 <= 60, "A", IF(D17 <= 80, "B", IF(D17 <= 90, "C", "D"))) -> B
... A206: 1015 | B206: =VLOOKUP(A206,[1]Sheet7!$F$4:$I$209,4,FALSE) -> 675 | C206: =B206+C205 -> 82046150 | D206: =C206/$C$206*100 -> 100 | E206: =IF(D206 <= 60, "A", IF(D206 <= 80, "B", IF(D206 <= 90, "C", "D"))) -> D

Sheet Hits
A1: Item Number | B1: Hits | C1: Cumulative Hits | D1: % of Hits | E1: Rank | H1: Rank | I1: Level Range | J1: Level
A2: 1092 | B2: =VLOOKUP(A2,[1]Hits!A$1:D$206,4,0) -> 2064 | C2: =B2 -> 2064 | D2: =C2/$C$206*100 -> 8.8766558 | E2: =IF(D2 <= 60, "A", IF(D2 <= 80, "B", IF(D2 <= 90, "C", "D"))) -> A | H2: A | I2: 0-60% | J2: 0.6
A3: 1090 | B3: =VLOOKUP(A3,[1]Hits!A$1:D$206,4,0) -> 1780 | C3: =B3+C2 -> 3844 | D3: =C3/$C$206*100 -> 16.531911 | E3: =IF(D3 <= 60, "A", IF(D3 <= 80, "B", IF(D3 <= 90, "C", "D"))) -> A | H3: B | I3: 61-80% | J3: 0.8
A4: 1091 | B4: =VLOOKUP(A4,[1]Hits!A$1:D$206,4,0) -> 948 | C4: =B4+C3 -> 4792 | D4: =C4/$C$206*100 -> 20.60898 | E4: =IF(D4 <= 60, "A", IF(D4 <= 80, "B", IF(D4 <= 90, "C", "D"))) -> A | H4: C | I4: 81-90% | J4: 0.9
A5: 1168 | B5: =VLOOKUP(A5,[1]Hits!A$1:D$206,4,0) -> 933 | C5: =B5+C4 -> 5725 | D5: =C5/$C$206*100 -> 24.621538 | E5: =IF(D5 <= 60, "A", IF(D5 <= 80, "B", IF(D5 <= 90, "C", "D"))) -> A | H5: D | I5: 91-100% | J5: 1
A6: 1196 | B6: =VLOOKUP(A6,[1]Hits!A$1:D$206,4,0) -> 784 | C6: =B6+C5 -> 6509 | D6: =C6/$C$206*100 -> 27.993291 | E6: =IF(D6 <= 60, "A", IF(D6 <= 80, "B", IF(D6 <= 90, "C", "D"))) -> A
A7: 1167 | B7: =VLOOKUP(A7,[1]Hits!A$1:D$206,4,0) -> 772 | C7: =B7+C6 -> 7281 | D7: =C7/$C$206*100 -> 31.313435 | E7: =IF(D7 <= 60, "A", IF(D7 <= 80, "B", IF(D7 <= 90, "C", "D"))) -> A
A8: 1170 | B8: =VLOOKUP(A8,[1]Hits!A$1:D$206,4,0) -> 764 | C8: =B8+C7 -> 8045 | D8: =C8/$C$206*100 -> 34.599174 | E8: =IF(D8 <= 60, "A", IF(D8 <= 80, "B", IF(D8 <= 90, "C", "D"))) -> A
A9: 1045 | B9: =VLOOKUP(A9,[1]Hits!A$1:D$206,4,0) -> 743 | C9: =B9+C8 -> 8788 | D9: =C9/$C$206*100 -> 37.794598 | E9: =IF(D9 <= 60, "A", IF(D9 <= 80, "B", IF(D9 <= 90, "C", "D"))) -> A
A10: 1178 | B10: =VLOOKUP(A10,[1]Hits!A$1:D$206,4,0) -> 661 | C10: =B10+C9 -> 9449 | D10: =C10/$C$206*100 -> 40.637365 | E10: =IF(D10 <= 60, "A", IF(D10 <= 80, "B", IF(D10 <= 90, "C", "D"))) -> A
A11: 1171 | B11: =VLOOKUP(A11,[1]Hits!A$1:D$206,4,0) -> 564 | C11: =B11+C10 -> 10013 | D11: =C11/$C$206*100 -> 43.062962 | E11: =IF(D11 <= 60, "A", IF(D11 <= 80, "B", IF(D11 <= 90, "C", "D"))) -> A
A12: 1205 | B12: =VLOOKUP(A12,[1]Hits!A$1:D$206,4,0) -> 545 | C12: =B12+C11 -> 10558 | D12: =C12/$C$206*100 -> 45.406847 | E12: =IF(D12 <= 60, "A", IF(D12 <= 80, "B", IF(D12 <= 90, "C", "D"))) -> A
A13: 1198 | B13: =VLOOKUP(A13,[1]Hits!A$1:D$206,4,0) -> 537 | C13: =B13+C12 -> 11095 | D13: =C13/$C$206*100 -> 47.716325 | E13: =IF(D13 <= 60, "A", IF(D13 <= 80, "B", IF(D13 <= 90, "C", "D"))) -> A
A14: 1159 | B14: =VLOOKUP(A14,[1]Hits!A$1:D$206,4,0) -> 494 | C14: =B14+C13 -> 11589 | D14: =C14/$C$206*100 -> 49.840874 | E14: =IF(D14 <= 60, "A", IF(D14 <= 80, "B", IF(D14 <= 90, "C", "D"))) -> A
A15: 1165 | B15: =VLOOKUP(A15,[1]Hits!A$1:D$206,4,0) -> 491 | C15: =B15+C14 -> 12080 | D15: =C15/$C$206*100 -> 51.95252 | E15: =IF(D15 <= 60, "A", IF(D15 <= 80, "B", IF(D15 <= 90, "C", "D"))) -> A
A16: 1043 | B16: =VLOOKUP(A16,[1]Hits!A$1:D$206,4,0) -> 468 | C16: =B16+C15 -> 12548 | D16: =C16/$C$206*100 -> 53.96525 | E16: =IF(D16 <= 60, "A", IF(D16 <= 80, "B", IF(D16 <= 90, "C", "D"))) -> A
A17: 1201 | B17: =VLOOKUP(A17,[1]Hits!A$1:D$206,4,0) -> 465 | C17: =B17+C16 -> 13013 | D17: =C17/$C$206*100 -> 55.965078 | E17: =IF(D17 <= 60, "A", IF(D17 <= 80, "B", IF(D17 <= 90, "C", "D"))) -> A
... A206: 1086 | B206: =VLOOKUP(A206,[1]Hits!A$1:D$206,4,0) -> 1 | C206: =B206+C205 -> 23252 | D206: =C206/$C$206*100 -> 100 | E206: =IF(D206 <= 60, "A", IF(D206 <= 80, "B", IF(D206 <= 90, "C", "D"))) -> D

Sheet ABC Calc
A1: Item Number | B1: Sales Rank | C1: Hits Rank | D1: Sales Rank Score | E1: Hits Rank Score | F1: Weighted Score | G1: Final Rank | J1: Input Parameters | O1: Row Labels | P1: Count of Final Rank
A2: 1090 | B2: =VLOOKUP(A2, Sales!$A$2:$E$206, 5, FALSE) -> A | C2: =VLOOKUP(A2, Hits!$A$2:$E$206, 5, FALSE) -> A | D2: =VLOOKUP(B2, $J$9:$K$12, 2, FALSE) -> 4 | E2: =VLOOKUP(C2, $J$9:$K$12, 2, FALSE) -> 4 | F2: =D2*$K$4+E2*$K$5 -> 4 | G2: =VLOOKUP(F2, $J$22:$K$25, 2, 1) -> A | O2: A | P2: 22
A3: 1180 | B3: =VLOOKUP(A3, Sales!$A$2:$E$206, 5, FALSE) -> A | C3: =VLOOKUP(A3, Hits!$A$2:$E$206, 5, FALSE) -> C | D3: =VLOOKUP(B3, $J$9:$K$12, 2, FALSE) -> 4 | E3: =VLOOKUP(C3, $J$9:$K$12, 2, FALSE) -> 2 | F3: =D3*$K$4+E3*$K$5 -> 3.3 | G3: =VLOOKUP(F3, $J$22:$K$25, 2, 1) -> A | J3: Weights | O3: B | P3: 18
A4: 1055 | B4: =VLOOKUP(A4, Sales!$A$2:$E$206, 5, FALSE) -> A | C4: =VLOOKUP(A4, Hits!$A$2:$E$206, 5, FALSE) -> C | D4: =VLOOKUP(B4, $J$9:$K$12, 2, FALSE) -> 4 | E4: =VLOOKUP(C4, $J$9:$K$12, 2, FALSE) -> 2 | F4: =D4*$K$4+E4*$K$5 -> 3.3 | G4: =VLOOKUP(F4, $J$22:$K$25, 2, 1) -> A | J4: Sales | K4: 0.65 | O4: C | P4: 23
A5: 1054 | B5: =VLOOKUP(A5, Sales!$A$2:$E$206, 5, FALSE) -> A | C5: =VLOOKUP(A5, Hits!$A$2:$E$206, 5, FALSE) -> C | D5: =VLOOKUP(B5, $J$9:$K$12, 2, FALSE) -> 4 | E5: =VLOOKUP(C5, $J$9:$K$12, 2, FALSE) -> 2 | F5: =D5*$K$4+E5*$K$5 -> 3.3 | G5: =VLOOKUP(F5, $J$22:$K$25, 2, 1) -> A | J5: Hits | K5: 0.35 | O5: D | P5: 142
A6: 1092 | B6: =VLOOKUP(A6, Sales!$A$2:$E$206, 5, FALSE) -> A | C6: =VLOOKUP(A6, Hits!$A$2:$E$206, 5, FALSE) -> A | D6: =VLOOKUP(B6, $J$9:$K$12, 2, FALSE) -> 4 | E6: =VLOOKUP(C6, $J$9:$K$12, 2, FALSE) -> 4 | F6: =D6*$K$4+E6*$K$5 -> 4 | G6: =VLOOKUP(F6, $J$22:$K$25, 2, 1) -> A | O6: Grand Total | P6: 205
A7: 1043 | B7: =VLOOKUP(A7, Sales!$A$2:$E$206, 5, FALSE) -> A | C7: =VLOOKUP(A7, Hits!$A$2:$E$206, 5, FALSE) -> A | D7: =VLOOKUP(B7, $J$9:$K$12, 2, FALSE) -> 4 | E7: =VLOOKUP(C7, $J$9:$K$12, 2, FALSE) -> 4 | F7: =D7*$K$4+E7*$K$5 -> 4 | G7: =VLOOKUP(F7, $J$22:$K$25, 2, 1) -> A
A8: 1035 | B8: =VLOOKUP(A8, Sales!$A$2:$E$206, 5, FALSE) -> A | C8: =VLOOKUP(A8, Hits!$A$2:$E$206, 5, FALSE) -> C | D8: =VLOOKUP(B8, $J$9:$K$12, 2, FALSE) -> 4 | E8: =VLOOKUP(C8, $J$9:$K$12, 2, FALSE) -> 2 | F8: =D8*$K$4+E8*$K$5 -> 3.3 | G8: =VLOOKUP(F8, $J$22:$K$25, 2, 1) -> A | J8: Rank | K8: Weights
A9: 1155 | B9: =VLOOKUP(A9, Sales!$A$2:$E$206, 5, FALSE) -> A | C9: =VLOOKUP(A9, Hits!$A$2:$E$206, 5, FALSE) -> B | D9: =VLOOKUP(B9, $J$9:$K$12, 2, FALSE) -> 4 | E9: =VLOOKUP(C9, $J$9:$K$12, 2, FALSE) -> 3 | F9: =D9*$K$4+E9*$K$5 -> 3.65 | G9: =VLOOKUP(F9, $J$22:$K$25, 2, 1) -> A | J9: A | K9: 4
A10: 1198 | B10: =VLOOKUP(A10, Sales!$A$2:$E$206, 5, FALSE) -> A | C10: =VLOOKUP(A10, Hits!$A$2:$E$206, 5, FALSE) -> A | D10: =VLOOKUP(B10, $J$9:$K$12, 2, FALSE) -> 4 | E10: =VLOOKUP(C10, $J$9:$K$12, 2, FALSE) -> 4 | F10: =D10*$K$4+E10*$K$5 -> 4 | G10: =VLOOKUP(F10, $J$22:$K$25, 2, 1) -> A | J10: B | K10: 3
A11: 1178 | B11: =VLOOKUP(A11, Sales!$A$2:$E$206, 5, FALSE) -> A | C11: =VLOOKUP(A11, Hits!$A$2:$E$206, 5, FALSE) -> A | D11: =VLOOKUP(B11, $J$9:$K$12, 2, FALSE) -> 4 | E11: =VLOOKUP(C11, $J$9:$K$12, 2, FALSE) -> 4 | F11: =D11*$K$4+E11*$K$5 -> 4 | G11: =VLOOKUP(F11, $J$22:$K$25, 2, 1) -> A | J11: C | K11: 2
A12: 1193 | B12: =VLOOKUP(A12, Sales!$A$2:$E$206, 5, FALSE) -> A | C12: =VLOOKUP(A12, Hits!$A$2:$E$206, 5, FALSE) -> B | D12: =VLOOKUP(B12, $J$9:$K$12, 2, FALSE) -> 4 | E12: =VLOOKUP(C12, $J$9:$K$12, 2, FALSE) -> 3 | F12: =D12*$K$4+E12*$K$5 -> 3.65 | G12: =VLOOKUP(F12, $J$22:$K$25, 2, 1) -> A | J12: D | K12: 1
A13: 1170 | B13: =VLOOKUP(A13, Sales!$A$2:$E$206, 5, FALSE) -> A | C13: =VLOOKUP(A13, Hits!$A$2:$E$206, 5, FALSE) -> A | D13: =VLOOKUP(B13, $J$9:$K$12, 2, FALSE) -> 4 | E13: =VLOOKUP(C13, $J$9:$K$12, 2, FALSE) -> 4 | F13: =D13*$K$4+E13*$K$5 -> 4 | G13: =VLOOKUP(F13, $J$22:$K$25, 2, 1) -> A
A14: 1196 | B14: =VLOOKUP(A14, Sales!$A$2:$E$206, 5, FALSE) -> B | C14: =VLOOKUP(A14, Hits!$A$2:$E$206, 5, FALSE) -> A | D14: =VLOOKUP(B14, $J$9:$K$12, 2, FALSE) -> 3 | E14: =VLOOKUP(C14, $J$9:$K$12, 2, FALSE) -> 4 | F14: =D14*$K$4+E14*$K$5 -> 3.35 | G14: =VLOOKUP(F14, $J$22:$K$25, 2, 1) -> A | K14: Spread
A15: 1205 | B15: =VLOOKUP(A15, Sales!$A$2:$E$206, 5, FALSE) -> B | C15: =VLOOKUP(A15, Hits!$A$2:$E$206, 5, FALSE) -> A | D15: =VLOOKUP(B15, $J$9:$K$12, 2, FALSE) -> 3 | E15: =VLOOKUP(C15, $J$9:$K$12, 2, FALSE) -> 4 | F15: =D15*$K$4+E15*$K$5 -> 3.35 | G15: =VLOOKUP(F15, $J$22:$K$25, 2, 1) -> A | J15: Rank | K15: From | L15: To
A16: 1215 | B16: =VLOOKUP(A16, Sales!$A$2:$E$206, 5, FALSE) -> B | C16: =VLOOKUP(A16, Hits!$A$2:$E$206, 5, FALSE) -> B | D16: =VLOOKUP(B16, $J$9:$K$12, 2, FALSE) -> 3 | E16: =VLOOKUP(C16, $J$9:$K$12, 2, FALSE) -> 3 | F16: =D16*$K$4+E16*$K$5 -> 3 | G16: =VLOOKUP(F16, $J$22:$K$25, 2, 1) -> B | J16: A | K16: 3.25 | L16: 4
A17: 1214 | B17: =VLOOKUP(A17, Sales!$A$2:$E$206, 5, FALSE) -> B | C17: =VLOOKUP(A17, Hits!$A$2:$E$206, 5, FALSE) -> B | D17: =VLOOKUP(B17, $J$9:$K$12, 2, FALSE) -> 3 | E17: =VLOOKUP(C17, $J$9:$K$12, 2, FALSE) -> 3 | F17: =D17*$K$4+E17*$K$5 -> 3 | G17: =VLOOKUP(F17, $J$22:$K$25, 2, 1) -> B | J17: B | K17: 2.5 | L17: 3.24
A18: 1168 | B18: =VLOOKUP(A18, Sales!$A$2:$E$206, 5, FALSE) -> B | C18: =VLOOKUP(A18, Hits!$A$2:$E$206, 5, FALSE) -> A | D18: =VLOOKUP(B18, $J$9:$K$12, 2, FALSE) -> 3 | E18: =VLOOKUP(C18, $J$9:$K$12, 2, FALSE) -> 4 | F18: =D18*$K$4+E18*$K$5 -> 3.35 | G18: =VLOOKUP(F18, $J$22:$K$25, 2, 1) -> A | J18: C | K18: 1.75 | L18: 2.49
A19: 1213 | B19: =VLOOKUP(A19, Sales!$A$2:$E$206, 5, FALSE) -> B | C19: =VLOOKUP(A19, Hits!$A$2:$E$206, 5, FALSE) -> B | D19: =VLOOKUP(B19, $J$9:$K$12, 2, FALSE) -> 3 | E19: =VLOOKUP(C19, $J$9:$K$12, 2, FALSE) -> 3 | F19: =D19*$K$4+E19*$K$5 -> 3 | G19: =VLOOKUP(F19, $J$22:$K$25, 2, 1) -> B | J19: D | K19: 0 | L19: 1.75
A20: 1192 | B20: =VLOOKUP(A20, Sales!$A$2:$E$206, 5, FALSE) -> B | C20: =VLOOKUP(A20, Hits!$A$2:$E$206, 5, FALSE) -> B | D20: =VLOOKUP(B20, $J$9:$K$12, 2, FALSE) -> 3 | E20: =VLOOKUP(C20, $J$9:$K$12, 2, FALSE) -> 3 | F20: =D20*$K$4+E20*$K$5 -> 3 | G20: =VLOOKUP(F20, $J$22:$K$25, 2, 1) -> B
A21: 1161 | B21: =VLOOKUP(A21, Sales!$A$2:$E$206, 5, FALSE) -> B | C21: =VLOOKUP(A21, Hits!$A$2:$E$206, 5, FALSE) -> C | D21: =VLOOKUP(B21, $J$9:$K$12, 2, FALSE) -> 3 | E21: =VLOOKUP(C21, $J$9:$K$12, 2, FALSE) -> 2 | F21: =D21*$K$4+E21*$K$5 -> 2.65 | G21: =VLOOKUP(F21, $J$22:$K$25, 2, 1) -> B
A22: 1167 | B22: =VLOOKUP(A22, Sales!$A$2:$E$206, 5, FALSE) -> B | C22: =VLOOKUP(A22, Hits!$A$2:$E$206, 5, FALSE) -> A | D22: =VLOOKUP(B22, $J$9:$K$12, 2, FALSE) -> 3 | E22: =VLOOKUP(C22, $J$9:$K$12, 2, FALSE) -> 4 | F22: =D22*$K$4+E22*$K$5 -> 3.35 | G22: =VLOOKUP(F22, $J$22:$K$25, 2, 1) -> A | J22: 0 | K22: D
A23: 1207 | B23: =VLOOKUP(A23, Sales!$A$2:$E$206, 5, FALSE) -> B | C23: =VLOOKUP(A23, Hits!$A$2:$E$206, 5, FALSE) -> B | D23: =VLOOKUP(B23, $J$9:$K$12, 2, FALSE) -> 3 | E23: =VLOOKUP(C23, $J$9:$K$12, 2, FALSE) -> 3 | F23: =D23*$K$4+E23*$K$5 -> 3 | G23: =VLOOKUP(F23, $J$22:$K$25, 2, 1) -> B | J23: 1.75 | K23: C
A24: 1194 | B24: =VLOOKUP(A24, Sales!$A$2:$E$206, 5, FALSE) -> B | C24: =VLOOKUP(A24, Hits!$A$2:$E$206, 5, FALSE) -> B | D24: =VLOOKUP(B24, $J$9:$K$12, 2, FALSE) -> 3 | E24: =VLOOKUP(C24, $J$9:$K$12, 2, FALSE) -> 3 | F24: =D24*$K$4+E24*$K$5 -> 3 | G24: =VLOOKUP(F24, $J$22:$K$25, 2, 1) -> B | J24: 2.5 | K24: B
A25: 1179 | B25: =VLOOKUP(A25, Sales!$A$2:$E$206, 5, FALSE) -> B | C25: =VLOOKUP(A25, Hits!$A$2:$E$206, 5, FALSE) -> A | D25: =VLOOKUP(B25, $J$9:$K$12, 2, FALSE) -> 3 | E25: =VLOOKUP(C25, $J$9:$K$12, 2, FALSE) -> 4 | F25: =D25*$K$4+E25*$K$5 -> 3.35 | G25: =VLOOKUP(F25, $J$22:$K$25, 2, 1) -> A | J25: 3.25 | K25: A
A26: 1206 | B26: =VLOOKUP(A26, Sales!$A$2:$E$206, 5, FALSE) -> B | C26: =VLOOKUP(A26, Hits!$A$2:$E$206, 5, FALSE) -> C | D26: =VLOOKUP(B26, $J$9:$K$12, 2, FALSE) -> 3 | E26: =VLOOKUP(C26, $J$9:$K$12, 2, FALSE) -> 2 | F26: =D26*$K$4+E26*$K$5 -> 2.65 | G26: =VLOOKUP(F26, $J$22:$K$25, 2, 1) -> B
A27: 1166 | B27: =VLOOKUP(A27, Sales!$A$2:$E$206, 5, FALSE) -> B | C27: =VLOOKUP(A27, Hits!$A$2:$E$206, 5, FALSE) -> B | D27: =VLOOKUP(B27, $J$9:$K$12, 2, FALSE) -> 3 | E27: =VLOOKUP(C27, $J$9:$K$12, 2, FALSE) -> 3 | F27: =D27*$K$4+E27*$K$5 -> 3 | G27: =VLOOKUP(F27, $J$22:$K$25, 2, 1) -> B
A28: 1211 | B28: =VLOOKUP(A28, Sales!$A$2:$E$206, 5, FALSE) -> B | C28: =VLOOKUP(A28, Hits!$A$2:$E$206, 5, FALSE) -> B | D28: =VLOOKUP(B28, $J$9:$K$12, 2, FALSE) -> 3 | E28: =VLOOKUP(C28, $J$9:$K$12, 2, FALSE) -> 3 | F28: =D28*$K$4+E28*$K$5 -> 3 | G28: =VLOOKUP(F28, $J$22:$K$25, 2, 1) -> B
A29: 1171 | B29: =VLOOKUP(A29, Sales!$A$2:$E$206, 5, FALSE) -> B | C29: =VLOOKUP(A29, Hits!$A$2:$E$206, 5, FALSE) -> A | D29: =VLOOKUP(B29, $J$9:$K$12, 2, FALSE) -> 3 | E29: =VLOOKUP(C29, $J$9:$K$12, 2, FALSE) -> 4 | F29: =D29*$K$4+E29*$K$5 -> 3.35 | G29: =VLOOKUP(F29, $J$22:$K$25, 2, 1) -> A
A30: 1210 | B30: =VLOOKUP(A30, Sales!$A$2:$E$206, 5, FALSE) -> B | C30: =VLOOKUP(A30, Hits!$A$2:$E$206, 5, FALSE) -> B | D30: =VLOOKUP(B30, $J$9:$K$12, 2, FALSE) -> 3 | E30: =VLOOKUP(C30, $J$9:$K$12, 2, FALSE) -> 3 | F30: =D30*$K$4+E30*$K$5 -> 3 | G30: =VLOOKUP(F30, $J$22:$K$25, 2, 1) -> B
A31: 1201 | B31: =VLOOKUP(A31, Sales!$A$2:$E$206, 5, FALSE) -> B | C31: =VLOOKUP(A31, Hits!$A$2:$E$206, 5, FALSE) -> A | D31: =VLOOKUP(B31, $J$9:$K$12, 2, FALSE) -> 3 | E31: =VLOOKUP(C31, $J$9:$K$12, 2, FALSE) -> 4 | F31: =D31*$K$4+E31*$K$5 -> 3.35 | G31: =VLOOKUP(F31, $J$22:$K$25, 2, 1) -> A
A32: 1036 | B32: =VLOOKUP(A32, Sales!$A$2:$E$206, 5, FALSE) -> B | C32: =VLOOKUP(A32, Hits!$A$2:$E$206, 5, FALSE) -> C | D32: =VLOOKUP(B32, $J$9:$K$12, 2, FALSE) -> 3 | E32: =VLOOKUP(C32, $J$9:$K$12, 2, FALSE) -> 2 | F32: =D32*$K$4+E32*$K$5 -> 2.65 | G32: =VLOOKUP(F32, $J$22:$K$25, 2, 1) -> B
A33: 1165 | B33: =VLOOKUP(A33, Sales!$A$2:$E$206, 5, FALSE) -> B | C33: =VLOOKUP(A33, Hits!$A$2:$E$206, 5, FALSE) -> A | D33: =VLOOKUP(B33, $J$9:$K$12, 2, FALSE) -> 3 | E33: =VLOOKUP(C33, $J$9:$K$12, 2, FALSE) -> 4 | F33: =D33*$K$4+E33*$K$5 -> 3.35 | G33: =VLOOKUP(F33, $J$22:$K$25, 2, 1) -> A
A34: 1199 | B34: =VLOOKUP(A34, Sales!$A$2:$E$206, 5, FALSE) -> B | C34: =VLOOKUP(A34, Hits!$A$2:$E$206, 5, FALSE) -> C | D34: =VLOOKUP(B34, $J$9:$K$12, 2, FALSE) -> 3 | E34: =VLOOKUP(C34, $J$9:$K$12, 2, FALSE) -> 2 | F34: =D34*$K$4+E34*$K$5 -> 2.65 | G34: =VLOOKUP(F34, $J$22:$K$25, 2, 1) -> B
A35: 1091 | B35: =VLOOKUP(A35, Sales!$A$2:$E$206, 5, FALSE) -> B | C35: =VLOOKUP(A35, Hits!$A$2:$E$206, 5, FALSE) -> A | D35: =VLOOKUP(B35, $J$9:$K$12, 2, FALSE) -> 3 | E35: =VLOOKUP(C35, $J$9:$K$12, 2, FALSE) -> 4 | F35: =D35*$K$4+E35*$K$5 -> 3.35 | G35: =VLOOKUP(F35, $J$22:$K$25, 2, 1) -> A
A36: 1162 | B36: =VLOOKUP(A36, Sales!$A$2:$E$206, 5, FALSE) -> B | C36: =VLOOKUP(A36, Hits!$A$2:$E$206, 5, FALSE) -> B | D36: =VLOOKUP(B36, $J$9:$K$12, 2, FALSE) -> 3 | E36: =VLOOKUP(C36, $J$9:$K$12, 2, FALSE) -> 3 | F36: =D36*$K$4+E36*$K$5 -> 3 | G36: =VLOOKUP(F36, $J$22:$K$25, 2, 1) -> B
A37: 1176 | B37: =VLOOKUP(A37, Sales!$A$2:$E$206, 5, FALSE) -> B | C37: =VLOOKUP(A37, Hits!$A$2:$E$206, 5, FALSE) -> A | D37: =VLOOKUP(B37, $J$9:$K$12, 2, FALSE) -> 3 | E37: =VLOOKUP(C37, $J$9:$K$12, 2, FALSE) -> 4 | F37: =D37*$K$4+E37*$K$5 -> 3.35 | G37: =VLOOKUP(F37, $J$22:$K$25, 2, 1) -> A
... A206: 1015 | B206: =VLOOKUP(A206, Sales!$A$2:$E$206, 5, FALSE) -> D | C206: =VLOOKUP(A206, Hits!$A$2:$E$206, 5, FALSE) -> D | D206: =VLOOKUP(B206, $J$9:$K$12, 2, FALSE) -> 1 | E206: =VLOOKUP(C206, $J$9:$K$12, 2, FALSE) -> 1 | F206: =D206*$K$4+E206*$K$5 -> 1 | G206: =VLOOKUP(F206, $J$22:$K$25, 2, 1) -> D

Sheet Sales Summary
A1: Item Number | B1: Item Name | C1: Sales ($) | D1: Final Rank | G1: Row Labels | H1: Sum of Sales ($)
A2: 1090 | B2: Ipad | C2: =VLOOKUP(A2,[1]Sheet7!$F$4:$I$209,4,FALSE) -> 9328940 | D2: =VLOOKUP(A2, 'ABC Calc'!$A$2:$G$206, 7, FALSE) -> A | G2: A | H2: 54788937
A3: 1180 | B3: Speaker-Bose | C3: =VLOOKUP(A3,[1]Sheet7!$F$4:$I$209,4,FALSE) -> 7202900 | D3: =VLOOKUP(A3, 'ABC Calc'!$A$2:$G$206, 7, FALSE) -> A | G3: B | H3: 10450897
A4: 1055 | B4: Dell Studio 17 | C4: =VLOOKUP(A4,[1]Sheet7!$F$4:$I$209,4,FALSE) -> 7055100 | D4: =VLOOKUP(A4, 'ABC Calc'!$A$2:$G$206, 7, FALSE) -> A | G4: C | H4: 8173036
A5: 1054 | B5: Dell Studio 15 | C5: =VLOOKUP(A5,[1]Sheet7!$F$4:$I$209,4,FALSE) -> 5761300 | D5: =VLOOKUP(A5, 'ABC Calc'!$A$2:$G$206, 7, FALSE) -> A | G5: D | H5: 8633280
A6: 1092 | B6: Iphone4 | C6: =VLOOKUP(A6,[1]Sheet7!$F$4:$I$209,4,FALSE) -> 4084200 | D6: =VLOOKUP(A6, 'ABC Calc'!$A$2:$G$206, 7, FALSE) -> A | G6: Grand Total | H6: 82046150
A7: 1043 | B7: Channel Home Theatre System | C7: =VLOOKUP(A7,[1]Sheet7!$F$4:$I$209,4,FALSE) -> 3572000 | D7: =VLOOKUP(A7, 'ABC Calc'!$A$2:$G$206, 7, FALSE) -> A
A8: 1035 | B8: Camera- Canon 7D | C8: =VLOOKUP(A8,[1]Sheet7!$F$4:$I$209,4,FALSE) -> 2284800 | D8: =VLOOKUP(A8, 'ABC Calc'!$A$2:$G$206, 7, FALSE) -> A
A9: 1155 | B9: Profile LP USB Turntable | C9: =VLOOKUP(A9,[1]Sheet7!$F$4:$I$209,4,FALSE) -> 1938300 | D9: =VLOOKUP(A9, 'ABC Calc'!$A$2:$G$206, 7, FALSE) -> A
A10: 1198 | B10: UPS | C10: =VLOOKUP(A10,[1]Sheet7!$F$4:$I$209,4,FALSE) -> 1804600 | D10: =VLOOKUP(A10, 'ABC Calc'!$A$2:$G$206, 7, FALSE) -> A
A11: 1178 | B11: SOG Outdoor Gear | C11: =VLOOKUP(A11,[1]Sheet7!$F$4:$I$209,4,FALSE) -> 1716660 | D11: =VLOOKUP(A11, 'ABC Calc'!$A$2:$G$206, 7, FALSE) -> A
A12: 1193 | B12: Toothbrush Sanitizer | C12: =VLOOKUP(A12,[1]Sheet7!$F$4:$I$209,4,FALSE) -> 1707200 | D12: =VLOOKUP(A12, 'ABC Calc'!$A$2:$G$206, 7, FALSE) -> A
A13: 1170 | B13: Silver Edition Buckyballs | C13: =VLOOKUP(A13,[1]Sheet7!$F$4:$I$209,4,FALSE) -> 1489744 | D13: =VLOOKUP(A13, 'ABC Calc'!$A$2:$G$206, 7, FALSE) -> A
A14: 1196 | B14: Uniden 4-Handset Phone | C14: =VLOOKUP(A14,[1]Sheet7!$F$4:$I$209,4,FALSE) -> 1302104 | D14: =VLOOKUP(A14, 'ABC Calc'!$A$2:$G$206, 7, FALSE) -> A
A15: 1205 | B15: VoIP Home Phone System | C15: =VLOOKUP(A15,[1]Sheet7!$F$4:$I$209,4,FALSE) -> 1161050 | D15: =VLOOKUP(A15, 'ABC Calc'!$A$2:$G$206, 7, FALSE) -> A
A16: 1215 | B16: XtremeMac InCharge Travel Kit | C16: =VLOOKUP(A16,[1]Sheet7!$F$4:$I$209,4,FALSE) -> 1067200 | D16: =VLOOKUP(A16, 'ABC Calc'!$A$2:$G$206, 7, FALSE) -> B
A17: 1214 | B17: XP600 Battery Pack | C17: =VLOOKUP(A17,[1]Sheet7!$F$4:$I$209,4,FALSE) -> 1057500 | D17: =VLOOKUP(A17, 'ABC Calc'!$A$2:$G$206, 7, FALSE) -> B
A18: 1168 | B18: Serengeti 160 Lumen Cree LED Flashlight | C18: =VLOOKUP(A18,[1]Sheet7!$F$4:$I$209,4,FALSE) -> 974100 | D18: =VLOOKUP(A18, 'ABC Calc'!$A$2:$G$206, 7, FALSE) -> A
... A206: 1015 | B206: 12-in-1 Knife by SOG | C206: =VLOOKUP(A206,[1]Sheet7!$F$4:$I$209,4,FALSE) -> 675 | D206: =VLOOKUP(A206, 'ABC Calc'!$A$2:$G$206, 7, FALSE) -> D

Sheet Part B
A1: Item Number | B1: Final Rank | C1: Service Level | D1: Standard Normal Variate | E1: Safety Stock | F1: ROP | G1: Mean Demand (Day) | H1: Standard Deviation of Demand | I1: Mean Lead Time (Days) | J1: Standard Deviation of Lead Time | T1: ABCD Method For Digital Consumer Electronics
A2: 1170 | B2: A | C2: 0.98 | D2: =_xlfn.NORM.S.INV(C2) -> 2.0537489 | E2: =D2*(SQRT(((H2^2)*I2)+((J2^2)*(G2^2)))) -> 62.497854 | F2: =(G2*I2)+E2 -> 125.49785 | G2: 21 | H2: 10.53 | I2: 3 | J2: 1.16
A3: 1036 | B3: B | C3: 0.95 | D3: =_xlfn.NORM.S.INV(C3) -> 1.6448536 | E3: =D3*(SQRT(((H3^2)*I3)+((J3^2)*(G3^2)))) -> 61.126455 | F3: =(G3*I3)+E3 -> 113.12645 | G3: 13 | H3: 12.95 | I3: 4 | J3: 2.05 | T3: Rank | U3: Recommended Service Level | V3: Service Level | W3: Service Level Range
A4: 1160 | B4: C | C4: 0.88 | D4: =_xlfn.NORM.S.INV(C4) -> 1.1749868 | E4: =D4*(SQRT(((H4^2)*I4)+((J4^2)*(G4^2)))) -> 73.818442 | F4: =(G4*I4)+E4 -> 157.81844 | G4: 14 | H4: 14 | I4: 6 | J4: 3.76 | T4: A | U4: 97-99% | V4: 0.98 | W4: 98-100%
A5: 1024 | B5: D | C5: 0.7 | D5: =_xlfn.NORM.S.INV(C5) -> 0.52440051 | E5: =D5*(SQRT(((H5^2)*I5)+((J5^2)*(G5^2)))) -> 18.286941 | F5: =(G5*I5)+E5 -> 48.286941 | G5: 15 | H5: 22 | I5: 2 | J5: 1.05 | T5: B | U5: 93-96% | V5: 0.95 | W5: 95-98%
T6: C | U6: 85-90% | V6: 0.88 | W6: 88-95%
T7: D | U7: 60-80% | V7: 0.7 | W7: below 88%
A12: Inventory is digital consumer electronics.
A13: Service level strategy for:
B14: high value items | T14: Safety Stock Levels
B15: variable demand and influenced by promotions/ season | T15: Rank
B16: stockouts mean lost sales, not delayed production | T16: A | U16: 95-98% | V16: high CSL level
B17: customer will switch to diff retailer if item is out of stock | T17: B | U17: 85-90% | V17: medium CSL level
T18: C | U18: 70-80% | V18: low CSL level
A19: Recommneded service level strategy: | T19: D | U19: N/A | V19: donate, destroy, discount
B20: Rank | C20: Service Level
B21: A | C21: 0.98
B22: B | C22: 0.95
B23: C | C23: 0.88
B24: D | C24: 0.7
